{
  "dashboard": {
    "id": null,
    "title": "Steam Marketplace - Overview",
    "tags": ["steam", "marketplace", "overview"],
    "timezone": "browser",
    "panels": [
      {
        "id": 1,
        "title": "Request Rate",
        "type": "graph",
        "targets": [
          {
            "expr": "rate(http_requests_total[5m])",
            "legendFormat": "{{method}} {{status}}",
            "refId": "A"
          }
        ],
        "yAxes": [
          {
            "label": "Requests/sec",
            "min": 0
          }
        ],
        "xAxis": {
          "show": true
        },
        "yAxis": {
          "show": true
        },
        "legend": {
          "show": true
        },
        "gridPos": {
          "h": 8,
          "w": 12,
          "x": 0,
          "y": 0
        }
      },
      {
        "id": 2,
        "title": "Response Time (P50, P95, P99)",
        "type": "graph",
        "targets": [
          {
            "expr": "histogram_quantile(0.50, rate(http_request_duration_seconds_bucket[5m]))",
            "legendFormat": "P50",
            "refId": "A"
          },
          {
            "expr": "histogram_quantile(0.95, rate(http_request_duration_seconds_bucket[5m]))",
            "legendFormat": "P95",
            "refId": "B"
          },
          {
            "expr": "histogram_quantile(0.99, rate(http_request_duration_seconds_bucket[5m]))",
            "legendFormat": "P99",
            "refId": "C"
          }
        ],
        "yAxes": [
          {
            "label": "Seconds",
            "min": 0
          }
        ],
        "gridPos": {
          "h": 8,
          "w": 12,
          "x": 12,
          "y": 0
        }
      },
      {
        "id": 3,
        "title": "Error Rate",
        "type": "stat",
        "targets": [
          {
            "expr": "rate(http_requests_total{status=~\"5..\"}[5m]) / rate(http_requests_total[5m]) * 100",
            "legendFormat": "Error Rate %",
            "refId": "A"
          }
        ],
        "fieldConfig": {
          "defaults": {
            "unit": "percent",
            "min": 0,
            "max": 100,
            "thresholds": {
              "steps": [
                {
                  "color": "green",
                  "value": null
                },
                {
                  "color": "yellow",
                  "value": 1
                },
                {
                  "color": "red",
                  "value": 5
                }
              ]
            }
          }
        },
        "gridPos": {
          "h": 4,
          "w": 6,
          "x": 0,
          "y": 8
        }
      },
      {
        "id": 4,
        "title": "Active Users",
        "type": "stat",
        "targets": [
          {
            "expr": "count(count by (userId) (session_last_activity))",
            "legendFormat": "Active Users",
            "refId": "A"
          }
        ],
        "gridPos": {
          "h": 4,
          "w": 6,
          "x": 6,
          "y": 8
        }
      },
      {
        "id": 5,
        "title": "Database Connections",
        "type": "graph",
        "targets": [
          {
            "expr": "pg_stat_database_numbackends",
            "legendFormat": "PostgreSQL Connections",
            "refId": "A"
          },
          {
            "expr": "mongodb_connections_current",
            "legendFormat": "MongoDB Connections",
            "refId": "B"
          }
        ],
        "yAxes": [
          {
            "label": "Connections",
            "min": 0
          }
        ],
        "gridPos": {
          "h": 8,
          "w": 12,
          "x": 12,
          "y": 8
        }
      },
      {
        "id": 6,
        "title": "Redis Memory Usage",
        "type": "stat",
        "targets": [
          {
            "expr": "redis_memory_used_bytes / redis_memory_max_bytes * 100",
            "legendFormat": "Redis Memory %",
            "refId": "A"
          }
        ],
        "fieldConfig": {
          "defaults": {
            "unit": "percent",
            "min": 0,
            "max": 100,
            "thresholds": {
              "steps": [
                {
                  "color": "green",
                  "value": null
                },
                {
                  "color": "yellow",
                  "value": 70
                },
                {
                  "color": "red",
                  "value": 80
                }
              ]
            }
          }
        },
        "gridPos": {
          "h": 4,
          "w": 6,
          "x": 0,
          "y": 12
        }
      },
      {
        "id": 7,
        "title": "Queue Sizes",
        "type": "graph",
        "targets": [
          {
            "expr": "queue_jobs_total{status=\"waiting\"}",
            "legendFormat": "{{queue_name}} Waiting",
            "refId": "A"
          },
          {
            "expr": "queue_jobs_active",
            "legendFormat": "{{queue_name}} Active",
            "refId": "B"
          }
        ],
        "yAxes": [
          {
            "label": "Jobs",
            "min": 0
          }
        ],
        "gridPos": {
          "h": 8,
          "w": 12,
          "x": 6,
          "y": 12
        }
      },
      {
        "id": 8,
        "title": "Cache Hit Rate",
        "type": "stat",
        "targets": [
          {
            "expr": "rate(cache_hits_total[5m]) / (rate(cache_hits_total[5m]) + rate(cache_misses_total[5m])) * 100",
            "legendFormat": "Cache Hit Rate %",
            "refId": "A"
          }
        ],
        "fieldConfig": {
          "defaults": {
            "unit": "percent",
            "min": 0,
            "max": 100,
            "thresholds": {
              "steps": [
                {
                  "color": "red",
                  "value": null
                },
                {
                  "color": "yellow",
                  "value": 50
                },
                {
                  "color": "green",
                  "value": 80
                }
              ]
            }
          }
        },
        "gridPos": {
          "h": 4,
          "w": 6,
          "x": 18,
          "y": 12
        }
      }
    ],
    "time": {
      "from": "now-1h",
      "to": "now"
    },
    "refresh": "30s",
    "schemaVersion": 27,
    "version": 1
  }
}